{
  "train_losses": [
    11.388067245483398,
    11.381966590881348,
    11.543498039245605,
    11.573763847351074,
    11.4739351272583,
    11.200461387634277,
    11.4717378616333,
    10.746729850769043,
    10.46080207824707,
    10.478717803955078,
    9.721502304077148,
    9.484197616577148,
    8.67425537109375,
    8.120207786560059,
    7.065288066864014,
    6.24304723739624,
    5.684093952178955,
    4.806850433349609,
    3.919559955596924,
    3.5669167041778564,
    3.187929391860962,
    2.7023072242736816,
    2.8533430099487305,
    2.392237901687622,
    2.4245195388793945,
    2.222137212753296,
    1.9692221879959106,
    2.112201452255249,
    2.0744690895080566,
    1.6822268962860107,
    1.5741785764694214,
    1.4593685865402222,
    1.6408154964447021,
    1.510800838470459,
    1.432761311531067,
    1.5369619131088257,
    1.4318245649337769,
    1.4007700681686401,
    1.3383368253707886,
    1.3078124523162842,
    1.2917205095291138,
    1.252336025238037,
    1.1825140714645386,
    1.255278468132019,
    1.081477403640747,
    1.1218879222869873,
    1.0561939477920532,
    0.9991280436515808,
    0.935450553894043,
    0.9925810694694519,
    0.9446200132369995,
    0.799839198589325,
    0.7804141640663147,
    0.9340918064117432,
    0.7102525234222412,
    0.6087011694908142,
    0.675601065158844,
    0.6936209797859192,
    0.5468829274177551,
    0.5936493873596191,
    0.5861256122589111,
    0.5314633846282959,
    0.5315185785293579,
    0.43587619066238403,
    0.4472179710865021,
    0.4991219639778137,
    0.48243534564971924,
    0.5708650946617126,
    0.45115965604782104,
    0.45137646794319153,
    0.473723828792572,
    0.423276424407959,
    0.38061439990997314,
    0.4730100631713867,
    0.43775317072868347,
    0.40462231636047363,
    0.560317873954773,
    0.46473971009254456,
    0.3629951477050781,
    0.5546243786811829,
    0.4196109473705292,
    0.387345552444458,
    0.3842290937900543,
    0.4405081868171692,
    0.38592439889907837,
    0.35481908917427063,
    0.36253902316093445,
    0.4830254912376404,
    0.5108264684677124,
    0.4261419475078583,
    0.3462151288986206,
    0.34097418189048767,
    0.4284018278121948,
    0.42190051078796387,
    0.43457305431365967,
    0.4436282217502594,
    0.33119824528694153,
    0.3469409942626953,
    0.26570168137550354,
    0.38927724957466125
  ],
  "val_losses": [
    14.511517524719238,
    14.509480476379395,
    14.509182929992676,
    7.456964015960693,
    7.456489086151123,
    7.456056118011475,
    7.456131458282471,
    6.35110330581665,
    6.351743698120117,
    6.351014614105225,
    6.350862979888916,
    8.796175003051758,
    8.831196784973145,
    8.786604881286621,
    8.793621063232422,
    10.22162914276123,
    10.249024391174316,
    10.251237869262695,
    10.199149131774902,
    9.982901573181152,
    9.966988563537598
  ],
  "best_val_loss": 6.350862979888916,
  "best_step": 40,
  "total_steps": 100,
  "early_stopped": true
}